,date,instrument_code,high_normalized,high_normalized_pred,open,close,high,high_predicted,high_normalized_orig,high_normalized_mlp_without_open,high_normalized_mlp10_without_open,high_normalized_keras_without_open,high_normalized_keras10_without_open,high_normalized_wiht_open_orig,high_normalized_mlp_with_open,high_normalized_keras_with_open,high_orig,high_mlp_without_open,high_mlp10_without_open,high_keras_without_open,high_keras10_without_open,high_mlp_with_open,high_keras_with_open
0,2023-09-20 00:00:00+05:30,3MINDIA,100.74364783543291,100.6909380977971,30100.0,29831.0,30393.2,30377.298078317257,100.74364783543291,100.6909380977971,103.15242914457687,100.69747,101.26452,100.97408637873754,107.76428665276262,101.36535,30393.2,30377.298078317257,31119.901619983677,30379.269166423794,30550.340761226653,32437.05028248155,30510.96999359131
1,2023-09-20 00:00:00+05:30,ABB,102.49056778464457,100.50574452044974,4302.0,4336.0,4427.9,4342.14968051699,102.49056778464457,100.50574452044974,102.23436442070494,100.60772,101.290016,102.92654579265457,103.5544685733399,101.42782,4427.9,4342.14968051699,4416.831246067715,4346.555302162171,4376.032568778992,4454.913238025083,4363.4247431945805
2,2023-09-20 00:00:00+05:30,AIAENG,99.99862222895798,101.40264950924464,3610.0,3565.0,3629.0,3679.9528520152426,99.99862222895798,101.40264950924464,93.79451449624915,100.28725,100.78376,100.52631578947368,105.60098577148855,102.29401,3629.0,3679.9528520152426,3403.84982832613,3639.474326515198,3657.493044849396,3812.195586350737,3692.8136291503906
3,2023-09-20 00:00:00+05:30,APLAPOLLO,100.15827204170934,100.63169922859835,1611.95,1600.0,1613.7,1621.3276221215622,100.15827204170934,100.63169922859835,101.1197448701876,100.72747,101.273636,100.1085641614194,102.31050479083538,101.48935,1613.7,1621.3276221215622,1629.1907694760275,1622.8706393165587,1631.6701842269897,1649.194181975871,1635.9575670928957
4,2023-09-20 00:00:00+05:30,ASTERDM,98.68109069353883,101.13919162167667,332.2,327.0,332.95,341.24363253153706,98.68109069353883,101.13919162167667,101.82995085160333,100.732216,101.586235,100.22576760987357,102.8341696339155,101.840324,332.95,341.24363253153706,343.5742541733096,339.87049638366693,342.7519570465088,341.61511152386726,338.3135576629639
5,2023-09-20 00:00:00+05:30,AWL,100.29863481228668,100.97973913049665,351.6,349.2,352.65,355.04476278282624,100.29863481228668,100.97973913049665,102.02594376002844,100.69106,101.3585,100.29863481228668,101.85933309032943,101.7934,352.65,355.04476278282624,358.72321826026,354.0297772521973,356.3764776306152,358.13741514559825,357.9056071472168
6,2023-09-20 00:00:00+05:30,BAJAJ-AUTO,101.65261317647514,101.27708523130468,5176.0,5172.0,5262.2,5242.760232626333,101.65261317647514,101.27708523130468,101.44172527586207,100.91247,101.593025,101.66537867078826,100.05394122111527,101.44456,5262.2,5242.760232626333,5251.283071492913,5223.885272472381,5259.115339405059,5178.791997604926,5250.770280151367
7,2023-09-20 00:00:00+05:30,BALKRISIND,101.99256005382088,100.60680183411121,2503.9,2543.0,2577.25,2542.233275546156,101.99256005382088,100.60680183411121,101.14011264572176,100.72646,101.40684,102.92943008906106,101.91364348571572,101.47587,2577.25,2542.233275546156,2555.709506444743,2545.257001579285,2562.449375862122,2551.815719238836,2540.8542644882205
8,2023-09-20 00:00:00+05:30,BDL,103.06635071090045,101.81566346335958,1070.0,1044.95,1087.35,1074.1552495384437,103.06635071090045,101.81566346335958,102.84779908122931,101.00876,101.379295,101.6214953271028,101.87154173440751,101.71115,1087.35,1074.1552495384437,1085.0442803069693,1065.6424026489258,1069.5515659332277,1090.0254965581603,1088.3093170166014
9,2023-09-20 00:00:00+05:30,BEML,101.32896025897689,101.53328669640301,2347.0,2343.95,2378.9,2383.6969717714533,101.32896025897689,101.53328669640301,103.77592077414943,100.740845,101.55601,101.35918193438432,102.65273800040977,101.4625,2378.9,2383.6969717714533,2436.3472920147055,2365.0928116455075,2384.2303853836056,2409.2597608696174,2381.3249108123778
10,2023-09-20 00:00:00+05:30,BERGEPAINT,102.37388724035608,100.15019522173056,739.85,753.8,759.0,742.5135473739103,102.37388724035608,100.15019522173056,101.1525062710942,101.02462,101.34078,102.58836250591335,102.05282394062706,101.64152,759.0,742.5135473739103,749.9446814938923,748.9965330963134,751.3405589752197,755.0378179247293,751.9947682533265
11,2023-09-20 00:00:00+05:30,BHARTIARTL,99.90219517496196,100.93399306151348,911.0,911.4,919.3,928.794604152047,99.90219517496196,100.93399306151348,101.77414912367031,100.59782,101.352516,100.91108671789243,102.45223700032193,101.744865,919.3,928.794604152047,936.5257202360142,925.701107131958,932.6458538360596,933.3398790729327,926.895723953247
12,2023-09-20 00:00:00+05:30,BIOCON,100.89677891654466,100.75524857247271,273.95,273.65,275.65,275.2633390999954,100.89677891654466,100.75524857247271,101.61259764637572,100.6124,101.35937,100.62055119547361,101.50965741939905,101.59458,275.65,275.2633390999954,277.60561676989846,274.8730665283203,276.91379165649414,278.0857065004437,278.31835630416873
13,2023-09-20 00:00:00+05:30,BLUESTARCO,118.3426035872758,101.74218090232866,816.0,904.85,946.8,813.9883183090803,118.3426035872758,101.74218090232866,104.34665687758974,101.08651,101.624245,116.02941176470587,101.64017442879279,101.95098,946.8,813.9883183090803,834.8254283491566,808.7426208915709,813.0447696418761,829.3838233389491,831.9200061035157
14,2023-09-20 00:00:00+05:30,BOROLTD,101.28865979381443,100.66063348480303,406.7,405.25,412.65,410.0914208170875,101.28865979381443,100.66063348480303,101.42085885605806,100.76019,101.290886,101.4629948364888,101.88522222697009,101.77127,412.65,410.0914208170875,413.18857897958054,410.4970257568359,412.65906925964356,414.3671987970874,413.9037581481934
15,2023-09-20 00:00:00+05:30,BRITANNIA,100.0,99.95805267343277,4596.2,4531.0,4596.2,4594.272016976317,100.0,99.95805267343277,100.8424170225116,100.71357,101.286415,100.0,101.94954662039731,101.428566,4596.2,4594.272016976317,4634.919171188678,4628.9970878448485,4655.326210830688,4685.805061766701,4661.859749526977
16,2023-09-20 00:00:00+05:30,CAMS,100.86881144230581,101.25973878579069,2547.95,2554.7,2560.0,2569.9215405139744,100.86881144230581,101.25973878579069,104.6467051110488,100.69187,102.00088,100.47292921760632,103.66668740841915,101.45418,2560.0,2569.9215405139744,2655.8810523658626,2555.5093563652035,2588.731267475128,2641.3753618228156,2585.001724693298
17,2023-09-20 00:00:00+05:30,CDSL,100.1390768305518,100.58724725685838,1325.0,1307.0,1332.05,1338.01156301073,100.1390768305518,100.58724725685838,104.49858009096666,100.64089,101.58666,100.5320754716981,102.16615992160351,101.49288,1332.05,1338.01156301073,1390.0401123700385,1338.7251457672119,1351.305781814575,1353.7016189612466,1344.780683517456
18,2023-09-20 00:00:00+05:30,CERA,102.14406421630756,100.49403913822027,8520.0,8676.85,8703.9,8563.298063046026,102.14406421630756,100.49403913822027,101.99348369242382,100.721,101.309975,102.15845070422534,105.07601295625759,101.398224,8703.9,8563.298063046026,8691.068732398819,8582.637909210205,8632.82556161499,8952.476303873147,8639.128674316407
19,2023-09-20 00:00:00+05:30,CHAMBLFERT,100.51427558077674,101.52255563216929,281.0,283.0,283.4,286.2428456049013,100.51427558077674,101.52255563216929,103.17680749867611,100.733376,101.27593,100.85409252669038,102.48953568666474,101.71516,283.4,286.2428456049013,290.9070087425173,284.0177523612976,285.54749115371703,287.9955952795279,285.81958992004394
20,2023-09-20 00:00:00+05:30,COALINDIA,102.4,99.98183535497272,279.5,284.4,288.0,281.1989119358608,102.4,99.98183535497272,101.32118722767179,100.70901,101.59129,103.04114490161002,102.06170115214202,101.62333,288.0,281.1989119358608,284.9658390778269,283.24408292770386,285.72551250457764,285.2624547202369,284.0372050094604
21,2023-09-20 00:00:00+05:30,CRAFTSMAN,104.35819646406527,100.75204121157242,4789.15,4782.65,4987.8,4815.443809707104,104.35819646406527,100.75204121157242,101.13591036819204,100.77743,101.30088,104.14791768894273,101.98252225499385,101.41181,4987.8,4815.443809707104,4833.790836047739,4816.657155647278,4841.675580253601,4884.095964575037,4856.763786190032
22,2023-09-20 00:00:00+05:30,CRISIL,100.49340396800665,100.26019206448412,3869.8,3835.0,3869.8,3860.8194760191545,100.49340396800665,100.26019206448412,108.0022585241519,100.58169,101.505135,100.0,102.74799779731927,101.43445,3869.8,3860.8194760191545,4158.950971248041,3873.199638702393,3908.7597225036625,3976.1420187606614,3925.310278076172
23,2023-09-20 00:00:00+05:30,CUB,100.2630590003758,100.74245288131114,132.0,130.7,133.4,134.03783355858448,100.2630590003758,100.74245288131114,101.42886912084198,100.71892,101.303,101.06060606060606,102.40462375371101,101.65166,133.4,134.03783355858448,134.95111036528024,134.0065201950073,134.78364336776733,135.17410335489853,134.18018737792968
24,2023-09-20 00:00:00+05:30,DEEPAKNTR,100.63378402419498,100.52560923362637,2248.9,2213.0,2262.65,2260.2177980088554,100.63378402419498,100.52560923362637,101.47487133385633,100.76823,101.35605,100.61141002267776,101.90584502474687,101.47088,2262.65,2260.2177980088554,2281.561007070426,2265.6728074035645,2278.889396362305,2291.7605487615324,2281.9785888595584
25,2023-09-20 00:00:00+05:30,DELTACORP,100.28248587570621,101.19163396060256,177.0,176.85,177.5,179.10919211026652,100.28248587570621,101.19163396060256,103.16215823243479,100.821495,101.60648,100.28248587570621,101.98606548543351,101.82528,177.5,179.10919211026652,182.5970200714096,178.45404624938965,179.8434757232666,180.51533590921733,180.23074424743652
26,2023-09-20 00:00:00+05:30,DIVISLAB,100.46759834095052,100.51525306315092,3774.0,3785.0,3803.0,3804.803874199452,100.46759834095052,100.51525306315092,101.62289609737944,100.63621,101.398026,100.76841547429783,102.65577359876121,101.43268,3803.0,3804.803874199452,3846.731485974104,3809.38236554718,3838.219459732056,3874.2288956172483,3828.069276123047
27,2023-09-20 00:00:00+05:30,DRREDDY,99.89263268156425,100.86543319312185,5721.85,5610.0,5721.85,5777.5720133020195,99.89263268156425,100.86543319312185,102.21475568909071,100.6074,101.30853,100.0,103.544883087084,101.429115,5721.85,5777.5720133020195,5854.861205871116,5762.791813964844,5802.95275390625,5924.682892918317,5803.621833530427
28,2023-09-20 00:00:00+05:30,ECLERX,101.237241790075,100.57402649373347,1845.0,1860.0,1869.7,1857.4514082995165,101.237241790075,100.57402649373347,99.22685960798022,100.67108,101.59912,101.33875338753388,101.13176549977499,101.63796,1869.7,1857.4514082995165,1832.5712566699824,1859.2438694763182,1876.3833679199217,1865.8810734708484,1875.2204051971435
29,2023-09-20 00:00:00+05:30,EIDPARRY,100.35075096681355,102.37042135753319,555.5,542.0,557.9,569.1283575372058,100.35075096681355,102.37042135753319,104.4657483438926,100.75226,101.71206,100.43204320432044,101.66608865995488,102.28625,557.9,569.1283575372058,580.7773279178709,560.1321800231934,565.4681921272279,564.7551225060494,568.2001034927368
30,2023-09-20 00:00:00+05:30,ELGIEQUIP,100.27279812938426,100.79493195230678,509.0,506.6,514.6,517.2795907792384,100.27279812938426,100.79493195230678,105.2369060948755,100.6723,101.697,101.10019646365423,102.15075418768771,101.88352,514.6,517.2795907792384,540.0758020789011,516.6502551269532,521.9089967956544,519.9473388153305,518.5871271514892
31,2023-09-20 00:00:00+05:30,FINEORG,101.42091205467614,100.95467488272827,5110.0,5102.05,5164.15,5140.410135678758,101.42091205467614,100.95467488272827,102.20239075686862,101.14658,101.62682,101.059686888454,100.84288754329165,101.49427,5164.15,5140.410135678758,5203.941332558236,5150.18174156189,5174.634595169067,5153.071553462203,5186.35721359253
32,2023-09-20 00:00:00+05:30,GAIL,101.86234817813764,100.19219027484488,124.1,123.7,125.8,123.73735498943343,101.86234817813764,100.19219027484488,101.99075891367016,100.6677,101.35812,101.36986301369863,101.27027568312496,101.56462,125.8,123.73735498943343,125.95858725838266,124.3246116256714,125.17728286743166,125.67641212275807,126.04169462585448
33,2023-09-20 00:00:00+05:30,GHCL,100.30232558139535,101.25203130138283,645.2,622.2,646.95,653.0756018939193,100.30232558139535,101.25203130138283,102.80071334183526,100.75492,101.27951,100.27123372597643,102.03568896476602,101.69465,646.95,653.0756018939193,663.0646010548375,649.8692401885986,653.2528427124024,658.3342652006704,656.1338736877442
34,2023-09-20 00:00:00+05:30,GILLETTE,102.95191624119434,101.94958127332353,6174.0,6261.8,6371.9,6309.86348416854,102.95191624119434,101.94958127332353,101.92633450311253,100.77743,101.62349,103.20537738905085,102.51446170972902,101.40632,6371.9,6309.86348416854,6308.42469506664,6237.316553558349,6289.681004699707,6329.242865958669,6260.8261143493655
35,2023-09-20 00:00:00+05:30,GLENMARK,101.3446068933122,100.59643182685278,853.0,859.95,863.0,856.6289152215647,101.3446068933122,100.59643182685278,101.64480613247744,100.71656,101.4034,101.1723329425557,101.7772029467651,101.54439,863.0,856.6289152215647,865.5563466211116,857.6518697776794,863.500623802185,868.1595411359062,866.1736280822753
36,2023-09-20 00:00:00+05:30,GRASIM,100.1302715267312,100.89082880623101,1957.45,1941.25,1960.0,1974.887528467569,100.1302715267312,100.89082880623101,102.1849628372391,100.638115,101.50161,100.1302715267312,101.81975974449853,101.4859,1960.0,1974.887528467569,2000.2195550575368,1969.9407806816102,1986.8432610740663,1993.0708871186864,1986.5357667541505
37,2023-09-20 00:00:00+05:30,HAL,101.84883020383573,101.68139652446425,3984.3,3998.0,4057.25,4050.5801119485577,101.84883020383573,101.68139652446425,103.26198639578585,100.93804,101.45469,101.83093642546996,102.55422539656249,101.5116,4057.25,4050.5801119485577,4113.544490062525,4020.967828643799,4041.548992034912,4086.0680024752396,4044.5265465087896
38,2023-09-20 00:00:00+05:30,HCLTECH,99.92337164750957,100.31594803375926,1281.5,1295.5,1304.0,1309.1231218405583,99.92337164750957,100.31594803375926,101.40820682720094,100.62321,101.28754,101.7557549746391,102.378480874165,101.492256,1304.0,1309.1231218405583,1323.3770990949724,1313.1328525543213,1321.8023529052734,1311.9802324024245,1300.6232627487182
39,2023-09-20 00:00:00+05:30,HDFCAMC,102.77132770761358,101.63009384449259,2625.0,2692.2,2721.95,2691.7238505183086,102.77132770761358,101.63009384449259,102.7506607543125,100.742,101.460754,103.69333333333333,103.49313692668497,101.46779,2721.95,2691.7238505183086,2721.402625408344,2668.202155323029,2687.2388105163577,2716.6948443254805,2663.529453277588
40,2023-09-20 00:00:00+05:30,HDFCBANK,98.15536662471995,100.70773430352891,1599.0,1566.0,1599.0,1640.5793456716374,98.15536662471995,100.70773430352891,101.65519359487475,100.593925,101.3391,100.0,103.37863560367994,101.48768,1599.0,1640.5793456716374,1656.013931257307,1638.7253429679868,1650.8646688041686,1653.0243833028424,1622.7879796600341
41,2023-09-20 00:00:00+05:30,HINDALCO,100.3921568627451,100.94214806436094,482.0,479.15,486.4,489.0647073718287,100.3921568627451,100.94214806436094,102.54851317468984,100.72076,101.27317,100.9128630705394,102.134233377263,101.87482,486.4,489.0647073718287,496.84754633137226,487.9920653915405,490.66851093292235,492.2870048784077,491.03661743164065
42,2023-09-20 00:00:00+05:30,ICICIBANK,100.57059179963643,100.59995570128454,981.55,988.1,995.85,996.1407613541196,100.57059179963643,100.59995570128454,101.79003859130077,100.61129,101.293785,101.45687942539861,102.10705549265661,101.54841,995.85,996.1407613541196,1007.9249621310603,996.2529933624269,1003.0110600128174,1002.2318031881709,996.7484037132264
43,2023-09-20 00:00:00+05:30,IDFCFIRSTB,102.36178207192698,100.98464200104293,93.0,94.2,95.35,94.0671940239715,102.36178207192698,100.98464200104293,101.64687320314218,100.66314,101.2629,102.5268817204301,101.84061139145251,101.67631,95.35,94.0671940239715,94.68406238872694,93.76771429824831,94.32639256668092,94.71176859405084,94.55896614074707
44,2023-09-20 00:00:00+05:30,IEX,100.6390977443609,100.84986740290145,133.0,133.7,133.85,134.13032364585894,100.6390977443609,100.84986740290145,102.41528514213239,100.6547,101.38891,100.6390977443609,101.78452408688969,101.62798,133.85,134.13032364585894,136.21232923903608,133.8707526397705,134.84724815368654,135.3734170355633,135.1652175140381
45,2023-09-20 00:00:00+05:30,INDUSINDBK,101.28697920241609,100.26265833148676,1441.0,1440.1,1475.65,1460.7266692314306,101.28697920241609,100.26265833148676,101.12585514754966,100.64625,101.376976,102.40458015267176,102.02060891308774,101.482704,1475.65,1460.7266692314306,1473.3025836446511,1466.3151851272585,1476.9611635360718,1470.1169744375943,1462.3657669830322
46,2023-09-20 00:00:00+05:30,INFY,100.21450596594718,100.29168976996147,1476.2,1492.25,1495.0,1496.1514279882851,100.21450596594718,100.29168976996147,101.80146928073981,100.54676,101.28533,101.27354017070857,102.26706368974718,101.48345,1495.0,1496.1514279882851,1518.6743187300765,1499.9565740203857,1510.974578689575,1509.666394188048,1498.0987161102296
47,2023-09-20 00:00:00+05:30,INGERRAND,102.3420267289477,101.41919345380623,3098.8,3050.15,3155.0,3126.5508957939387,102.3420267289477,101.41919345380623,101.16795062441929,101.1543,101.62983,101.81360526655479,100.62050183524588,101.50353,3155.0,3126.5508957939387,3118.805581849598,3118.3846640625,3133.044380950928,3118.0281108705994,3145.391462310791
48,2023-09-20 00:00:00+05:30,IRCON,102.44584206848357,100.94784542936051,142.65,139.8,146.6,144.4563668094149,102.44584206848357,100.94784542936051,107.83929172310269,100.776665,101.55422,102.76901507185418,102.37108887250409,101.50106,146.6,144.4563668094149,154.31802645575996,144.2114072341919,145.324091835022,146.0323582766271,144.79126278305054
49,2023-09-20 00:00:00+05:30,IRCTC,99.88394864727641,100.54261283448028,688.25,679.05,688.55,693.0905015744898,99.88394864727641,100.54261283448028,106.70257266125726,100.64587,101.56514,100.04358881220486,101.65234591077903,101.78593,688.55,693.0905015744898,735.554184640377,693.8022799873353,700.1392910079957,699.6222707309367,700.541641330719
50,2023-09-20 00:00:00+05:30,ITC,100.6525826789072,100.14134869890098,451.7,452.85,455.0,452.6889667933819,100.6525826789072,100.14134869890098,100.89462774918451,100.67875,101.30341,100.73057338941777,101.67080394619254,101.8376,455.0,452.6889667933819,456.0941647401886,455.11828523635864,457.9420802345276,459.24702142495164,460.00044239807124
51,2023-09-20 00:00:00+05:30,JAMNAAUTO,101.10384300899429,101.59622579463468,121.85,121.1,123.65,124.25218414683819,101.10384300899429,101.59622579463468,102.691595911475,100.97617,101.50479,101.47722609766107,102.71840114191875,101.70403,123.65,124.25218414683819,125.59182179973392,123.49386006927489,124.14035971069335,125.16237179142799,123.92636408615111
52,2023-09-20 00:00:00+05:30,JBCHEPHARM,101.88590287600188,100.81727020412586,1500.7,1478.0,1512.7,1496.8340107206568,101.88590287600188,100.81727020412586,102.60161007983973,100.79572,101.74924,100.79962684080763,100.9325670695155,101.48197,1512.7,1496.8340107206568,1523.3261048553807,1496.5140988082887,1510.6709226379396,1514.6950340122191,1522.939949913025
53,2023-09-20 00:00:00+05:30,JKLAKSHMI,101.61141094834232,101.01575965650022,649.95,647.3,658.95,655.087201372404,101.61141094834232,101.01575965650022,102.49167671833386,100.79987,101.276855,101.38472190168474,102.00832712877778,101.64909,658.95,655.087201372404,664.6585235183951,653.6871786880494,656.7804077148438,663.0031221734912,660.668284034729
54,2023-09-20 00:00:00+05:30,JYOTHYLAB,102.67410267410268,101.44261976632644,349.6,354.7,359.0,354.6941200129604,102.67410267410268,101.44261976632644,103.62067152640643,100.902565,101.585655,102.68878718535468,102.56839480059955,101.822426,359.0,354.6941200129604,362.30967799208,352.8058185310363,355.1942434501648,358.5791082228961,355.97120074462896
55,2023-09-20 00:00:00+05:30,KEC,99.97006212109874,99.91918183591629,666.05,663.6,667.85,667.5100942548387,99.97006212109874,99.91918183591629,101.81634870695248,100.77574,101.4173,100.27024998123265,101.92824037393467,101.74371,667.85,667.5100942548387,680.184117536796,673.23234160614,677.5182550354003,678.8930450105919,677.664002960205
56,2023-09-20 00:00:00+05:30,KEI,100.23600616661274,101.17571419936229,2627.0,2588.0,2633.25,2657.9365998743474,100.23600616661274,101.17571419936229,102.04027413454821,100.77622,101.28838,100.23791397030834,102.00541319970631,101.465355,2633.25,2657.9365998743474,2680.649021651649,2647.4417460670475,2660.896478313446,2679.6822047562846,2665.4948737335203
57,2023-09-20 00:00:00+05:30,KOTAKBANK,100.2835932938527,100.6023157779291,1786.95,1793.0,1803.45,1809.181745792388,100.2835932938527,100.6023157779291,102.14918870153726,100.591034,101.28499,100.92336103416434,102.83287723878772,101.489,1803.45,1809.181745792388,1836.9999350140952,1808.9788587799071,1821.4585889511109,1837.5720998185172,1813.5576571426393
58,2023-09-20 00:00:00+05:30,KPITTECH,101.08719477445092,100.9937251116556,1140.55,1136.7,1152.95,1151.883931760988,101.08719477445092,100.9937251116556,102.60986977809353,100.64347,101.29064,101.08719477445092,101.90383078641898,101.490654,1152.95,1151.883931760988,1170.3168697540457,1147.8891058006286,1155.2704148750306,1162.2641420345017,1157.5516541023255
59,2023-09-20 00:00:00+05:30,LAURUSLABS,100.63500127000255,101.33524348493955,393.7,394.4,396.2,398.956853600207,100.63500127000255,101.33524348493955,102.58472247479313,100.726906,101.328064,100.63500127000255,102.23314439779622,101.79667,396.2,398.956853600207,403.8760523832605,396.56182822418214,398.92858782958984,402.4918894941237,400.7734858779907
60,2023-09-20 00:00:00+05:30,LT,100.85963320033564,100.1617065968396,2926.95,2889.0,2944.95,2924.5715900678206,100.85963320033564,100.1617065968396,102.37277848803083,100.6313,101.926025,100.61497463229642,101.47655303718201,101.47144,2944.95,2924.5715900678206,2989.1315726827684,2938.2830679397584,2976.0870523681638,2970.1679691217987,2970.018406047821
61,2023-09-20 00:00:00+05:30,LTIM,100.25300385400135,100.29200441655777,5475.0,5462.0,5527.7,5529.850393517954,100.25300385400135,100.29200441655777,101.17998190597575,100.63167,101.348404,100.96255707762556,103.27801718752511,101.41137,5527.7,5529.850393517954,5578.811252340738,5548.5785993576055,5588.09762172699,5654.471441017,5552.272470474243
62,2023-09-20 00:00:00+05:30,LTTS,100.25197289414994,100.56103725332594,4655.0,4608.95,4674.95,4689.3622891970945,100.25197289414994,100.56103725332594,101.53194539183181,100.69355,101.35576,100.42857142857143,103.56553112630245,101.402626,4674.95,4689.3622891970945,4734.637677511901,4695.541628723145,4726.42173815918,4820.9754739293785,4720.292242050171
63,2023-09-20 00:00:00+05:30,LUXIND,100.72132883330025,100.86995608507178,1511.1,1508.0,1522.0,1524.2459064015195,100.72132883330025,100.86995608507178,105.19871974945286,100.74081,101.388916,100.72132883330025,102.18595452779348,101.49614,1522.0,1524.2459064015195,1589.657854133982,1522.294328224182,1532.0879099121094,1544.1319588694873,1533.7081643829345
64,2023-09-20 00:00:00+05:30,M&M,101.43470711870602,101.02095134873471,1620.1,1642.0,1665.0,1658.208405913806,101.43470711870602,101.02095134873471,101.5350062876469,101.039024,101.583984,102.77143386210727,102.17963651160625,101.57374,1665.0,1658.208405913806,1666.64636070858,1658.5050652427674,1667.4503115234374,1655.4122911245329,1645.5961309280397
65,2023-09-20 00:00:00+05:30,M&MFIN,104.21297064189748,100.30768072741198,301.6,309.4,314.15,302.3775035527834,104.21297064189748,100.30768072741198,101.57458158717331,100.64575,101.37746,104.16114058355437,101.47424755661939,101.75325,314.15,302.3775035527834,306.196576194534,303.3966192626953,305.60234311676027,306.0463306307641,306.88780236816405
66,2023-09-20 00:00:00+05:30,MANAPPURAM,99.68673860076574,100.19476967063518,143.2,139.9,143.2,143.92978663186744,99.68673860076574,100.19476967063518,100.87508321288598,100.755936,101.29355,100.0,101.55367001054987,101.56472,143.2,143.92978663186744,144.90705703531071,144.73590158843996,145.50818254089356,145.4248554551074,145.4406792602539
67,2023-09-20 00:00:00+05:30,MARUTI,99.73341823400271,100.64676069457822,10494.05,10342.1,10494.05,10590.152807044215,99.73341823400271,100.64676069457822,101.4463728948696,100.630165,101.2919,100.0,103.79210269738567,101.398,10494.05,10590.152807044215,10674.288802371075,10588.406601997376,10658.035076690674,10891.995153115,10640.757094417571
68,2023-09-20 00:00:00+05:30,MASTEK,101.35901778154106,100.77785379161367,2360.0,2336.0,2394.1,2380.372906557915,101.35901778154106,100.77785379161367,101.77000752303755,100.72093,101.325874,101.44491525423727,102.31558102334135,101.459236,2394.1,2380.372906557915,2403.807577694147,2379.028414001465,2393.3171516418456,2414.647712150856,2394.437973022461
69,2023-09-20 00:00:00+05:30,MAXHEALTH,99.58217270194986,100.08411299969869,570.0,556.0,572.0,574.8831450702693,99.58217270194986,100.08411299969869,101.16190225227649,100.702225,101.30709,100.35087719298245,102.34552847651474,101.72873,572.0,574.8831450702693,581.0739665370761,578.4335788574218,581.9079293212891,583.3695123161341,579.8537567138673
70,2023-09-20 00:00:00+05:30,MOLDTKPAC,100.65317485812184,100.42884109605268,940.0,928.0,940.0,937.904946996036,100.65317485812184,100.42884109605268,102.07527203159349,100.69449,101.2907,100.0,101.4220204088547,101.506615,940.0,937.904946996036,953.2809655030516,940.3858283386231,945.9538736343384,953.3669918432342,954.1621780395508
71,2023-09-20 00:00:00+05:30,MOTHERSON,100.65491183879094,100.37463237674844,99.5,98.5,99.9,99.62182263392283,100.65491183879094,100.37463237674844,101.48536421482191,100.80269,101.26084,100.40201005025126,101.68500844050823,101.71055,99.9,99.62182263392283,100.72422398321075,100.04666843414307,100.50138505935669,101.17658339830568,101.20199565887451
72,2023-09-20 00:00:00+05:30,MOTILALOFS,100.44914435158336,99.9609714118034,879.45,865.0,883.4,879.1067630811051,100.44914435158336,99.9609714118034,100.40253951556926,100.94381,101.27697,100.44914435158336,101.91245174203243,101.53302,883.4,879.1067630811051,882.990133769674,887.7503327293397,890.6803118705751,896.2690568453044,892.9321445617677
73,2023-09-20 00:00:00+05:30,MPHASIS,100.55354267310788,100.43164332784235,2470.95,2480.05,2497.75,2494.722020263604,100.55354267310788,100.43164332784235,101.17544024029631,100.64059,101.38984,101.08460308788119,101.54601861256258,101.46458,2497.75,2494.722020263604,2513.1979355689605,2499.9121774291993,2518.5236050415037,2509.1513469071147,2507.138958492279
74,2023-09-20 00:00:00+05:30,MRF,100.6978646186675,100.25083569733316,109000.0,109700.1,109764.65,109277.37081810317,100.6978646186675,100.25083569733316,102.01652086222553,100.6743,101.272606,100.70151376146788,111.50750357752906,101.23313,109764.65,109277.37081810317,111202.03739239987,109738.96488562773,110391.14069456862,121543.17889950667,110344.11323547363
75,2023-09-20 00:00:00+05:30,MUTHOOTFIN,99.91359879789631,100.96221684087008,1329.0,1302.3,1329.85,1343.8071061519809,99.91359879789631,100.96221684087008,101.59331718222089,100.80801,101.51513,100.06395786305492,101.78192882669003,101.55379,1329.85,1343.8071061519809,1352.20705169536,1341.7545636749269,1351.1663681793214,1352.6818341067105,1349.6498323059081
76,2023-09-20 00:00:00+05:30,NAM-INDIA,100.45495905368517,100.67405247077329,329.7,326.25,331.2,331.9223509961395,100.45495905368517,100.67405247077329,102.0863638575704,100.7226,101.36182,100.45495905368517,101.92572956031455,101.907265,331.2,331.9223509961395,336.5787416384096,332.0824215774536,334.18990869140623,336.049130360357,335.9882517471313
77,2023-09-20 00:00:00+05:30,NATCOPHARM,101.57194679564691,100.99227339521013,868.35,868.95,882.0,876.9664060273072,101.57194679564691,100.99227339521013,103.26794488918772,100.6408,101.359184,101.57194679564691,101.95008302481075,101.554115,882.0,876.9664060273072,896.7271994452616,873.9143909339905,880.1524765663147,885.2835459459442,881.8451601676942
78,2023-09-20 00:00:00+05:30,NATIONALUM,100.26055237102658,100.90826632127738,94.25,95.3,96.2,96.82148153526565,100.26055237102658,100.90826632127738,102.93187730598623,100.83394,101.272575,102.06896551724138,103.29451691349956,101.575676,96.2,96.82148153526565,98.7631362750938,96.75016408538819,97.17103607559204,97.35508219097333,95.73507459640503
79,2023-09-20 00:00:00+05:30,NESTLEIND,100.02432141072946,100.07964683123956,22556.05,22620.9,22824.95,22837.574929007882,100.02432141072946,100.07964683123956,100.82086468749337,100.66384,101.28776,101.19214135453682,102.76079260499617,101.373405,22824.95,22837.574929007882,23006.716396497864,22970.884589645386,23113.258620193483,23178.775760379238,22865.836021480558
80,2023-09-20 00:00:00+05:30,NIITLTD,101.00775193798451,100.91755464742612,129.75,124.9,130.3,130.1836454951797,101.00775193798451,100.91755464742612,106.17566189263789,101.91969,101.922386,100.42389210019267,105.61497104511963,101.70982,130.3,130.1836454951797,136.9666038415029,131.47640396118163,131.47987815856933,137.03542493104274,131.96849613189698
81,2023-09-20 00:00:00+05:30,NIITMTS,100.75494307968842,102.27778112778671,416.0,410.6,420.4,426.7540417556901,100.75494307968842,102.27778112778671,107.54650267949825,101.42784,101.55077,101.05769230769229,105.599391393399,101.836555,420.4,426.7540417556901,448.7377824302065,423.2076673507691,423.7206029319764,439.2934681965399,423.64007080078125
82,2023-09-20 00:00:00+05:30,OFSS,99.98001810124944,100.84536372312286,4253.0,4218.0,4253.0,4289.810504736062,99.98001810124944,100.84536372312286,101.97872411554916,100.61725,101.33311,100.0,103.25550803886608,101.43453,4253.0,4289.810504736062,4338.021955789289,4280.106826812745,4310.558371891022,4391.456756892974,4314.010652999878
83,2023-09-20 00:00:00+05:30,ORIENTELEC,102.35774200861482,100.81466531887233,220.9,215.0,225.75,222.34674436077296,102.35774200861482,100.81466531887233,103.01006546780775,100.84625,101.71819,102.19556360344046,102.13568716261014,101.60421,225.75,222.34674436077296,227.18869938925002,222.4164097595215,224.33947478103642,225.6177329422058,224.44369966888428
84,2023-09-20 00:00:00+05:30,PAGEIND,102.59995809119009,100.58661618626934,40426.5,39837.0,41374.1,40562.206790118325,102.59995809119009,100.58661618626934,100.69319561530331,100.66251,101.47196,102.34400702509492,104.07990809931201,101.331116,41374.1,40562.206790118325,40605.185637642564,40592.81296913529,40919.22823421097,42075.864047768366,40964.62349761963
85,2023-09-20 00:00:00+05:30,PERSISTENT,99.99743102296667,101.20598160755887,5838.0,5785.0,5838.75,5909.316060083755,99.99743102296667,101.20598160755887,102.06370544966947,100.686966,101.28034,100.01284686536485,103.5190755332558,101.427895,5838.75,5909.316060083755,5959.39769750075,5879.011254409789,5913.657894996642,6043.443629631474,5921.360486297608
86,2023-09-20 00:00:00+05:30,PETRONET,101.11204364246747,100.26930621061267,236.9,239.0,240.95,238.94175669989,101.11204364246747,100.26930621061267,101.65288215629214,100.664085,101.32104,101.7095821021528,101.73871853636972,101.51559,240.95,238.94175669989,242.23881817844415,239.8825154800415,241.44803186798094,241.01902421265987,240.4904252548218
87,2023-09-20 00:00:00+05:30,PFC,102.05288796102994,99.98944617549905,289.0,287.9,293.3,287.36966830838423,102.05288796102994,99.98944617549905,101.048030548978,101.025856,101.54851,101.4878892733564,101.73098929377986,101.73943,293.3,287.36966830838423,290.41203979776276,290.3483101959228,291.8504111022949,294.0025590590238,294.0269622039795
88,2023-09-20 00:00:00+05:30,PIDILITIND,100.3907262324821,100.05525355530985,2511.95,2504.0,2517.95,2509.535842047504,100.3907262324821,100.05525355530985,100.79582597879171,100.67028,101.329895,100.238858257529,101.24682359730863,101.46649,2517.95,2509.535842047504,2528.1105092870644,2524.9616392707826,2541.5057619323734,2543.2695853525943,2548.787538238525
89,2023-09-20 00:00:00+05:30,PIIND,100.16989987048616,100.14782928856647,3566.0,3498.0,3596.45,3595.6575888620464,100.16989987048616,100.14782928856647,102.46765959084809,100.7911,101.46888,100.85389792484577,104.35061614526556,101.46688,3596.45,3595.6575888620464,3678.9476161200146,3618.75324263382,3643.0879222984313,3721.1429717401697,3618.3089692687986
90,2023-09-20 00:00:00+05:30,POWERGRID,102.92353823088456,100.07586157303126,198.7,204.8,205.95,200.25179900763555,102.92353823088456,100.07586157303126,100.68716371670111,100.94894,101.30573,103.64871665827881,101.94573118575514,101.73141,205.95,200.25179900763555,201.4750145971189,201.9988218612671,202.7127711868286,202.56616786609544,202.14030603790283
91,2023-09-20 00:00:00+05:30,PRAJIND,101.11818338207466,100.84152534933932,580.0,577.0,587.8,586.1917868557094,101.11818338207466,100.84152534933932,98.67445515157146,100.77271,101.717186,101.34482758620689,102.16600879254801,102.01592,587.8,586.1917868557094,573.5946077960849,585.7917789688111,591.2820020675659,592.5628509967785,591.692350769043
92,2023-09-20 00:00:00+05:30,PVRINOX,101.12146257410707,101.27981365481291,1701.0,1716.2,1731.25,1733.9610496772245,101.12146257410707,101.27981365481291,102.91029730758618,100.632416,101.25263,101.77836566725455,103.34953881121453,101.49564,1731.25,1733.9610496772245,1761.875745054529,1722.8772742156982,1733.4956885719298,1757.9756551787593,1726.4408979034426
93,2023-09-20 00:00:00+05:30,RAJRATAN,100.73985995507994,101.21911573259331,761.9,755.0,762.5,766.1274869799987,100.73985995507994,101.21911573259331,101.71963112306369,100.79124,101.35253,100.07875049219058,101.66225220066924,101.64203,762.5,766.1274869799987,769.915887970469,762.888871925354,767.1373104171753,774.5646995168989,774.4106174926758
94,2023-09-20 00:00:00+05:30,RELIANCE,99.55467996470274,100.1314569442147,2423.05,2380.05,2425.6,2439.6528827173192,99.55467996470274,100.1314569442147,101.15016472584088,100.534294,101.42544,100.10523926456324,101.93920089572487,101.471565,2425.6,2439.6528827173192,2464.47318846275,2449.46780929184,2471.1800823783874,2470.037807303862,2458.706761707306
95,2023-09-20 00:00:00+05:30,RHIM,101.04625913009146,101.39832457334246,754.0,762.0,767.8,770.4751692705428,101.04625913009146,101.39832457334246,102.22476253771468,100.77151,101.473366,101.83023872679044,102.61571473368238,101.65817,767.8,770.4751692705428,776.754858142825,765.7122979393006,771.0453699073792,773.7224890919651,766.5026214599609
96,2023-09-20 00:00:00+05:30,RITES,101.50611246943767,100.78249196233052,512.45,505.9,518.95,515.2504901574148,101.50611246943767,100.78249196233052,112.69576974152756,100.69923,101.721054,101.26841643087131,101.65233033473436,101.88763,518.95,515.2504901574148,576.1571228035596,514.8247948646546,520.0488889694213,520.9173668003463,522.1231427574158
97,2023-09-20 00:00:00+05:30,ROLEXRINGS,99.99781157675893,101.40333934750939,2284.7,2220.0,2284.7,2316.8127957422207,99.99781157675893,101.40333934750939,102.05177330482655,100.90784,101.4934,100.0,102.91914847178873,101.745415,2284.7,2316.8127957422207,2331.6278905820245,2305.491803894043,2318.870469608307,2351.393785134957,2324.5774904251098
98,2023-09-20 00:00:00+05:30,SBICARD,100.49393255686321,101.35614619914149,820.45,811.8,824.0,831.0697207598607,100.49393255686321,101.35614619914149,103.31236415355237,100.6977,101.50081,100.43268937778048,102.12427821158073,101.68535,824.0,831.0697207598607,847.1097298770527,825.6707952537537,832.2558810653687,837.8786405869142,834.2774418563844
99,2023-09-20 00:00:00+05:30,SBILIFE,100.22202809929388,101.13826079232257,1370.0,1347.45,1376.75,1389.3362885041352,100.22202809929388,101.13826079232257,102.00541750464706,100.74433,101.29031,100.49270072992701,101.76557603208732,101.516,1376.75,1389.3362885041352,1401.2484202613366,1383.9248798904418,1391.4250395812987,1394.1883916395964,1390.7691841125488
100,2023-09-20 00:00:00+05:30,SBIN,100.47189336865634,100.63549638641491,600.85,601.0,606.8,607.7880804257529,100.47189336865634,100.63549638641491,101.84817164236358,100.77719,101.28556,100.99026379295995,101.94885914746459,101.730865,606.8,607.7880804257529,615.1120326340549,608.6438460235596,611.7141432914734,612.5597201875411,611.2499052276612
101,2023-09-20 00:00:00+05:30,SCHAEFFLER,100.8182621228323,100.84861643138886,3212.0,3178.0,3252.75,3253.7293362341147,100.8182621228323,100.84861643138886,102.59353618059713,100.73874,101.31634,101.26867995018681,104.4857722826413,101.436775,3252.75,3253.7293362341147,3310.0265545626953,3250.1843061676027,3268.819657688141,3356.0830057184385,3258.149219665527
102,2023-09-20 00:00:00+05:30,SIEMENS,100.82566986437313,100.30245381578857,3773.8,3779.05,3809.95,3790.1789735641105,100.82566986437313,100.30245381578857,101.58204998146599,100.60065,101.27538,100.95792039853728,104.0446163020317,101.430016,3809.95,3790.1789735641105,3838.531713674646,3801.446947479248,3826.943534946442,3926.4357300060724,3827.7659273529052
103,2023-09-20 00:00:00+05:30,SKFINDIA,100.12981892663788,100.456689757258,5206.3,5155.0,5206.3,5223.295812273509,100.12981892663788,100.456689757258,99.78796523206542,100.65833,101.86406,100.0,102.61534268344113,101.41006,5206.3,5223.295812273509,5188.5251462238575,5233.780344387054,5296.472703041077,5342.462586127996,5279.711801124573
104,2023-09-20 00:00:00+05:30,SPLPETRO,100.06101281269066,98.28468760008943,479.9,476.0,492.0,483.2658089296397,100.06101281269066,98.28468760008943,99.8564965531703,101.39072,101.3543,102.52135861637842,103.03250233211325,101.75623,492.0,483.2658089296397,490.99439355193834,498.5381532897949,498.3591002426147,494.45297869181144,488.32816320037836
105,2023-09-20 00:00:00+05:30,SRF,99.98100223751426,100.0119478969716,2365.0,2327.0,2368.25,2368.983009835566,99.98100223751426,100.0119478969716,101.53059604886732,100.742424,101.544846,100.13742071881607,102.41093214227928,101.47099,2368.25,2368.983009835566,2404.95522860952,2386.285797554016,2405.292757278442,2422.018545164905,2399.788985443115
106,2023-09-20 00:00:00+05:30,SUMICHEM,102.01650943396226,100.69122563354236,425.95,428.5,432.55,426.93079668621965,102.01650943396226,100.69122563354236,101.65275005407419,100.71218,101.32021,101.54947763822045,101.63436803041095,101.74998,432.55,426.93079668621965,431.00766022927456,427.01964782714845,429.59770446777344,432.91159062553544,433.40402750778196
107,2023-09-20 00:00:00+05:30,TANLA,100.43682795698928,101.63046035477117,1038.95,1030.0,1046.15,1058.5828750552964,100.43682795698928,101.63046035477117,99.93715600120557,100.68566,101.36644,100.69300736320325,102.54116597387576,101.50143,1046.15,1058.5828750552964,1040.945416908557,1048.7418482666014,1055.832837158203,1065.3514438855823,1054.5490726661683
108,2023-09-20 00:00:00+05:30,TATAELXSI,100.3135226360599,100.29819558218588,7268.95,7300.0,7311.0,7309.882941323081,100.3135226360599,100.29819558218588,101.06750768297202,100.67568,101.33529,100.57848795218017,103.51212112429985,101.42426,7311.0,7309.882941323081,7365.951561196525,7337.394722629548,7385.4678653602605,7524.244328464793,7372.478965373993
109,2023-09-20 00:00:00+05:30,TATAMOTORS,100.9833762584875,100.44993981772967,640.7,640.0,646.95,643.532539442285,100.9833762584875,100.44993981772967,101.27241135532549,100.68626,101.3103,100.9754955517403,101.60431071548261,101.60517,646.95,643.532539442285,648.8017033478927,645.0465016822815,649.0444544677733,650.9788187540971,650.9843319015503
110,2023-09-20 00:00:00+05:30,TATAPOWER,100.54603652796084,100.22071300174741,265.35,261.75,267.0,266.1361033761402,100.54603652796084,100.22071300174741,101.22847585161988,100.7114,101.49547,100.62182023742227,101.56500484988698,101.67918,267.0,266.1361033761402,268.81221762397655,267.4391303825378,269.52121564483645,269.5027403691751,269.805694393158
111,2023-09-20 00:00:00+05:30,TATASTEEL,101.03487926408586,101.66519238962431,130.45,128.5,131.8,132.6222434722649,101.03487926408586,101.66519238962431,103.02888167531516,100.77125,101.45786,101.03487926408586,102.09066817614672,101.5973,131.8,132.6222434722649,134.40117614544863,131.45609283828736,132.3517820930481,133.1772766357834,132.53367480850218
112,2023-09-20 00:00:00+05:30,TCS,100.52271813429834,100.36322125224854,3580.0,3600.1,3625.0,3619.248303187961,100.52271813429834,100.36322125224854,101.20775003273137,100.63125,101.32296,101.25698324022348,102.67043412984131,101.43246,3625.0,3619.248303187961,3649.7032778053426,3628.913766849518,3653.8579184303285,3675.6015418483184,3631.281959533691
113,2023-09-20 00:00:00+05:30,TECHM,99.91859202977206,100.79395829041977,1282.0,1274.2,1288.75,1300.040474029834,99.91859202977206,100.79395829041977,101.57738197794936,100.6325,101.29504,100.52652106084243,101.91780814407727,101.491165,1288.75,1300.040474029834,1310.1450727515908,1297.9579810638427,1306.50337840271,1306.5863004070707,1301.1167373657227
114,2023-09-20 00:00:00+05:30,THANGAMAYL,100.37056430499055,101.44456809233643,1245.95,1215.0,1245.95,1259.2821460142181,100.37056430499055,101.44456809233643,101.79278943074756,100.827225,101.60061,100.0,101.69493445235659,101.505196,1245.95,1259.2821460142181,1263.6047915985848,1251.6187542037962,1261.219157657623,1267.068035809137,1264.7039847984315
115,2023-09-20 00:00:00+05:30,TIINDIA,101.18200836820084,99.91739495507817,3309.05,3384.0,3385.55,3343.2360351969155,101.18200836820084,99.91739495507817,103.22085604718401,100.88086,101.35858,102.3118417672746,101.93822169637872,101.45962,3385.55,3343.2360351969155,3453.7698433387773,3375.4735546875,3391.4581384277344,3373.18672504402,3357.3494766807553
116,2023-09-20 00:00:00+05:30,TITAN,100.27399311274142,100.04482375151645,3314.0,3310.05,3348.65,3340.996889181892,100.27399311274142,100.04482375151645,101.17940215360977,100.88845,101.32659,101.04556427278214,101.84283712567526,101.44814,3348.65,3340.996889181892,3378.8861349197987,3369.1698085403445,3383.8015228652957,3375.071622344878,3361.991459197998
117,2023-09-20 00:00:00+05:30,TORNTPOWER,100.98222314449748,100.4581688626448,723.85,719.0,729.95,726.1618736236279,100.98222314449748,100.4581688626448,101.84790524368843,100.70376,101.423256,100.84271603232715,102.0295748840424,101.64492,729.95,726.1618736236279,736.2075830540018,727.9371164360047,733.1380054206849,738.5410777981409,735.7567559471131
118,2023-09-20 00:00:00+05:30,TRITURBINE,104.91102380402126,102.71576295149497,432.7,435.0,453.95,444.4511062911187,104.91102380402126,102.71576295149497,103.31091794501829,101.103676,101.68026,104.91102380402126,103.08479100299824,101.81133,453.95,444.4511062911187,447.0263419480941,437.47560536956786,439.97048374176023,446.0478906699734,440.53763660430906
119,2023-09-20 00:00:00+05:30,UTIAMC,102.11643534509828,100.13603107320809,796.15,795.1,813.0,797.2330113893462,102.11643534509828,100.13603107320809,100.53752482811059,100.78321,101.442505,102.11643534509828,101.82091100577007,101.53911,813.0,797.2330113893462,800.4295039190025,802.3855324211121,807.6345026245117,810.6471829724384,808.4036105422973
120,2023-09-20 00:00:00+05:30,VAIBHAVGBL,100.74626865671641,100.38875587553815,433.0,431.0,438.75,437.1930318379687,100.74626865671641,100.38875587553815,102.52616085222061,100.7311,101.40237,101.32794457274827,101.93618691405919,102.300285,438.75,437.1930318379687,446.50143051142084,438.6839491653443,441.6073067092896,441.3836893378763,442.9602355194092
121,2023-09-20 00:00:00+05:30,VBL,100.42758469466067,100.68838812835472,909.85,907.2,916.0,918.3787881187234,100.42758469466067,100.68838812835472,101.50895992249501,100.63551,101.29583,100.6759355937792,101.83110865164086,101.58905,916.0,918.3787881187234,925.863223453077,917.8965168609619,923.9192633590699,926.5103420669543,924.3079740905762
122,2023-09-20 00:00:00+05:30,VGUARD,100.90732339598183,101.47127157370133,307.0,308.0,311.4,313.1403440764423,100.90732339598183,101.47127157370133,102.56806448997426,100.890816,101.28666,101.43322475570032,102.46322436638461,102.02256,311.4,313.1403440764423,316.5250470160606,311.3490573577881,312.57063041687013,314.5620988048007,313.20925956726074
123,2023-09-20 00:00:00+05:30,WIPRO,100.1490483833983,100.63294219729639,434.25,430.0,436.75,438.8602609224096,100.1490483833983,100.63294219729639,101.72765559678368,100.58347,101.37375,100.57570523891766,101.71338877068612,102.086845,436.75,438.8602609224096,443.63430605757367,438.64452664947515,442.0909184265137,441.6903907367045,443.3121261405945
